Ca11,Ca18,Ca4_11,Ca4_13,Ca4_18
U2NANJ,5RC9P7,392SEK,AMP51D,DP53K8
LJCR4H,D0T0UQ,91YEB7,NVRL0R,NIHG8K
W4NSMR,S4R5FC,M2YCYK,BWKC5Z,M6JU85
Y6E9TB,82ML82,E2K4TR,G84J1P,F1K4Q8
FXLQ18,2CL1B2,YTUI1C,NL823M,7J9S83
Y2QWLJ,965PKQ,7I89AX,H04EJ4,ZRI07H
7P296F,4N5DEN,WQX55W,UHTW6S,B41UNZ
VMW7K4,TW40KZ,LCXF9S,HVL46E,7L0GHA
GKXH17,DZKI8U,NZQX07,INAW09,VR92F2
KCE71M,E3ZYJT,KM7S8X,J5PS4T,8T63F8
FHX6WZ,J201LF,ET68I8,AZG461,LF646F
IM94ES,LV1MMJ,RU0P4R,R2E5NI,8CQ436
5V3X3X,DCC0MI,W3R70Z,85GIWF,FIY7NK
SM3TC1,BT624K,AK2UKD,U7LKFL,V3P46G
K29YM9,ZLFI2Z,VS5X7Y,61AUMZ,0HPU4J
Z11XNF,RD29P1,UCR7ZZ,65KXHR,1FH2KY
RKU1UY,GQ1CY0,KCE71M,I5HEE3,MM56IY
2I1UXC,8W2D3B,NE2PE8,84D15R,H0C62V
MZ047Q,VW9WRG,VSFB48,J6K3RH,N9UN2I
9TMZ87,G1T0HI,WPV0UJ,F3Y113,VJFV1A
6DRS7R,PR5A78,RP1PUY,L7TQPJ,BYT3FC
FEXP34,H8M3VN,I5PLYK,R5FKIY,FT0TL2
Y5NR52,DI6U38,37X6EK,19YNSD,N1DMCX
151W35,GWX7Z5,TTMV9U,4AY3MY,R55U5A
KR6YQM,KP642K,U4WGIZ,P5W3U3,U2QCB7
3CP25B,GS7VU5,LQQ75E,UK4FD9,B2DFDY
6RE2SZ,XR1P03,FI399H,0N71ZE,JC6DGE
SLJ44W,HYY9WF,UQNU32,N15R1L,9R1925
EGH0HL,A1RUKD,ZJLE4H,TQ3K6M,GE8FJB
F06MSU,TDU0QQ,W5QG8V,LBE3WY,56UEUT
PYQ1JD,F1DDXV,9XR7JT,YV8M45,CC4WIG
L55A0V,16DN0N,P6110R,VPJ94B,
NE2PE8,U7DS0H,J4YFBX,BT5SRD,
M1WS7U,ZRI07H,H88EK8,N199M2,
VY9WGI,XP4IZ2,BKK3KP,T4KI49,
YXCZ83,6CP4EH,QELJ5B,88J6KY,
AWF3QX,AS3ZE6,7QE80G,IINC9K,
F6U1X1,JH7EIG,6H2079,U09RLX,
XP6W6B,GDDA1J,VX313A,1EZ6RQ,
RPZE8L,2HM1UL,H1PWIN,38SNYI,
,KTYQ03,R1IBZY,NVI3D8,
,4F785H,L4P3WS,K1MIDT,
,3W5ZV8,UM0V93,VC8V91,
,VG0MIY,L5SQ1T,87J5U8,
,BL92W9,TV6F30,PPP607,
,8BW0J4,E8KCWE,W1KHUD,
,VCC1QP,P4BN3A,B9KZG1,
,KSY044,PC9MZ4,63EH4T,
,S9373W,MCM1YY,8G9HNR,
,XML6GV,Y4ZXGE,6VIL4K,
,PNID9I,WAC0Q0,0SF8RD,
,L6WSTP,ELME12,BJI0RA,
,288XHX,P6R959,TN29YG,
,81R18M,C857HD,46B1EJ,
,C1P266,8EQN3M,H1LUDS,
,F1F8UR,3GP07U,0B2DCJ,
,NKX1H6,9FBM9V,FRHN34,
,0TB3XB,5I5S0F,G8XXGN,
,SM0544,6379ZA,612ZK0,
,604M1P,HH247V,IGE775,
,DSS8KU,KR4RW2,LVRM3I,
,JDR7GI,QINW4M,48VWLX,
,3HC2CW,632XZS,W25JQA,
,184WBH,PPAS6H,US1BEE,
,Y2L847,K3UGJR,3T59BH,
,3DU7SY,WPV56H,,
,B66PX0,,,
,VH54GQ,,,
,J4CT7A,,,
,EQ9RUI,,,
,2I1JD4,,,
,DX1GN9,,,
,8D5WLD,,,
,I5R2ME,,,
,QJKD6Y,,,
,T3ZD5B,,,
,22LF0C,,,
,C74GHG,,,
,KNUI9Y,,,
,G6SHXQ,,,
,4QB72P,,,
,653M6Q,,,
,J9D5NZ,,,
,5R4KAC,,,
,33W0XH,,,
,Q9TM1C,,,
,Z0G856,,,
,SE7ST2,,,
,TT8VU2,,,
,A78VKF,,,
,KWZP7D,,,
,0G0A0M,,,
,M0GYTU,,,
,C1V79H,,,
,NEJ4KC,,,
,SGG4FM,,,
,N19804,,,
,0J7N0P,,,
,N8FA69,,,
,WRPQ8T,,,
,I9FULJ,,,
,6Q4MDY,,,
,3L2L0Y,,,
,DFN3ZB,,,
,R55U5A,,,
,I6SJVD,,,
,XZL48R,,,
,P57C94,,,
,HZIC2A,,,
,25GHKR,,,
,IM23M3,,,
,3E8U0T,,,
,0XQ7UR,,,
,5F6SWA,,,
,X1L5WV,,,
,50NT7J,,,
,DS477V,,,
,WNZL0Z,,,
,9NYV5L,,,
,Z1QYPE,,,
,9L10M3,,,